id,date_of_onset,report_date,death_date,bleeding_at_reported_onset,diarrhea_at_reported_onset,location
EG0,17/06/2026,20/06/2026,NA,FALSE,FALSE,synthland
EG1,09/06/2026,14/06/2026,NA,FALSE,FALSE,synthland
EG2,18/06/2026,20/06/2026,20/06/2026,TRUE,FALSE,synthland
EG3,12/05/2026,17/05/2026,NA,FALSE,FALSE,synthland
EG4,29/06/2026,04/07/2026,NA,FALSE,FALSE,synthland
EG5,05/05/2026,09/05/2026,NA,FALSE,FALSE,synthland
EG6,11/06/2026,14/06/2026,18/06/2026,TRUE,FALSE,synthland
EG7,10/06/2026,12/06/2026,NA,FALSE,TRUE,synthland
EG8,11/05/2026,16/05/2026,18/05/2026,FALSE,FALSE,synthland
EG9,07/06/2026,12/06/2026,10/06/2026,FALSE,FALSE,synthland
EG10,08/05/2026,09/05/2026,NA,TRUE,FALSE,synthland
EG11,11/06/2026,15/06/2026,NA,FALSE,FALSE,synthland
EG12,10/05/2026,14/05/2026,NA,TRUE,TRUE,synthland
EG13,06/03/2026,08/06/2026,NA,FALSE,TRUE,datasia
EG14,11/05/2026,16/05/2026,NA,FALSE,TRUE,synthland
EG15,29/06/2026,02/07/2026,NA,FALSE,TRUE,novaland
EG16,27/05/2026,30/05/2026,NA,FALSE,TRUE,novaland
EG17,14/05/2026,16/05/2026,NA,FALSE,TRUE,synthland
EG18,07/06/2026,07/06/2026,NA,FALSE,FALSE,synthland
EG19,22/06/2026,26/06/2026,NA,FALSE,FALSE,modelia
EG20,07/06/2026,10/06/2026,14/06/2026,FALSE,FALSE,synthland
EG21,17/06/2026,22/06/2026,NA,FALSE,TRUE,synthland
EG22,31/05/2026,04/06/2026,NA,TRUE,TRUE,synthland
EG23,06/05/2026,11/05/2026,07/05/2026,FALSE,TRUE,synthland
EG24,19/06/2026,22/06/2026,21/06/2026,FALSE,TRUE,synthland
EG25,14/06/2026,14/06/2026,NA,FALSE,FALSE,synthland
EG26,13/05/2026,17/05/2026,NA,TRUE,FALSE,synthland
EG27,11/05/2026,14/05/2026,NA,FALSE,TRUE,synthland
EG28,07/06/2026,10/06/2026,NA,TRUE,TRUE,synthland
EG29,14/06/2026,18/06/2026,21/06/2026,TRUE,FALSE,synthland
EG30,18/06/2026,22/06/2026,23/06/2026,FALSE,TRUE,synthland
EG31,25/05/2026,25/05/2026,NA,FALSE,TRUE,synthland
EG32,02/06/2026,07/06/2026,NA,FALSE,FALSE,synthland
EG33,25/06/2026,29/06/2026,NA,FALSE,FALSE,synthland
EG34,24/05/2026,26/05/2026,NA,FALSE,TRUE,synthland
EG35,11/05/2026,11/05/2026,NA,FALSE,TRUE,synthland
EG36,28/05/2026,31/05/2026,02/06/2026,FALSE,FALSE,synthland
EG37,30/06/2026,10/07/2026,07/07/2026,FALSE,FALSE,synthland
EG38,31/05/2026,05/06/2026,NA,TRUE,FALSE,synthland
EG39,25/06/2026,27/06/2026,NA,FALSE,FALSE,modelia
EG40,30/06/2026,03/07/2026,NA,FALSE,TRUE,synthland
EG41,14/06/2026,17/06/2026,NA,FALSE,FALSE,synthland
EG42,28/05/2026,02/06/2026,NA,FALSE,FALSE,datasia
EG43,22/05/2026,23/05/2026,NA,TRUE,FALSE,synthland
EG44,06/06/2026,10/06/2026,NA,TRUE,FALSE,synthland
EG45,22/05/2026,22/05/2026,NA,FALSE,FALSE,synthland
EG46,18/06/2026,22/06/2026,NA,FALSE,TRUE,synthland
EG47,01/05/2026,05/05/2026,NA,FALSE,TRUE,synthland
EG48,26/06/2026,26/06/2026,NA,FALSE,FALSE,synthland
EG49,29/06/2026,03/07/2026,NA,FALSE,TRUE,synthland
EG50,21/05/2026,24/05/2026,NA,FALSE,FALSE,synthland
EG51,19/06/2026,22/06/2026,NA,FALSE,FALSE,synthland
EG52,11/05/2026,14/05/2026,NA,TRUE,FALSE,synthland
EG53,22/05/2026,22/05/2026,NA,TRUE,FALSE,synthland
EG54,25/05/2026,28/05/2026,NA,TRUE,FALSE,synthland
EG55,13/05/2026,17/05/2026,NA,FALSE,TRUE,synthland
EG56,31/05/2026,31/05/2026,NA,FALSE,TRUE,synthland
EG57,11/05/2026,15/05/2026,NA,TRUE,FALSE,synthland
EG58,01/06/2026,06/06/2026,NA,FALSE,FALSE,synthland
EG59,22/05/2026,26/05/2026,25/05/2026,FALSE,FALSE,synthland
EG60,26/06/2026,27/06/2026,NA,TRUE,FALSE,synthland
EG61,12/06/2026,17/06/2026,NA,TRUE,TRUE,synthland
EG62,16/06/2026,21/06/2026,NA,TRUE,TRUE,synthland
EG63,24/06/2026,25/06/2026,NA,FALSE,TRUE,synthland
EG64,15/05/2026,17/05/2026,NA,FALSE,FALSE,synthland
EG65,08/06/2026,12/06/2026,NA,FALSE,FALSE,synthland
EG66,18/06/2026,19/06/2026,NA,FALSE,FALSE,synthland
EG67,14/06/2026,14/06/2026,NA,FALSE,FALSE,synthland
EG68,30/05/2026,04/06/2026,NA,TRUE,FALSE,synthland
EG69,19/05/2026,23/05/2026,22/05/2026,FALSE,FALSE,synthland
EG70,12/06/2026,16/06/2026,NA,FALSE,FALSE,synthland
EG71,06/06/2026,08/06/2026,NA,FALSE,FALSE,synthland
EG72,23/05/2026,26/05/2026,NA,FALSE,FALSE,synthland
EG73,30/06/2026,02/07/2026,NA,FALSE,FALSE,synthland
EG74,14/06/2026,16/06/2026,20/06/2026,FALSE,FALSE,synthland
EG75,02/06/2026,07/06/2026,NA,FALSE,FALSE,datasia
EG76,16/05/2026,17/05/2026,NA,FALSE,TRUE,novaland
EG77,27/06/2026,28/06/2026,NA,FALSE,TRUE,synthland
EG78,24/06/2026,26/06/2026,NA,FALSE,TRUE,modelia
EG79,30/06/2026,30/06/2026,NA,FALSE,FALSE,novaland
EG80,06/05/2026,10/05/2026,NA,FALSE,FALSE,synthland
EG81,16/06/2026,20/06/2026,NA,TRUE,FALSE,synthland
EG82,31/05/2026,01/06/2026,NA,FALSE,FALSE,synthland
EG83,13/05/2026,16/05/2026,NA,TRUE,FALSE,synthland
EG84,02/05/2026,07/05/2026,NA,FALSE,FALSE,synthland
EG85,26/06/2026,29/06/2026,NA,FALSE,FALSE,synthland
EG86,08/05/2026,11/05/2026,NA,FALSE,FALSE,synthland
EG87,20/05/2026,23/05/2026,NA,FALSE,FALSE,synthland
EG88,28/05/2026,30/05/2026,NA,TRUE,FALSE,synthland
EG89,08/05/2026,11/05/2026,NA,TRUE,FALSE,synthland
EG90,12/05/2026,12/05/2026,NA,FALSE,FALSE,synthland
EG91,15/05/2026,15/05/2026,NA,FALSE,FALSE,synthland
EG92,19/05/2026,19/05/2026,23/05/2026,FALSE,TRUE,synthland
EG93,13/05/2026,15/05/2026,NA,FALSE,FALSE,synthland
EG94,29/06/2026,30/06/2026,NA,FALSE,FALSE,synthland
EG95,25/06/2026,25/06/2026,NA,TRUE,FALSE,synthland
EG96,10/06/2026,14/06/2026,17/06/2026,FALSE,TRUE,synthland
EG97,08/05/2026,09/05/2026,10/05/2026,FALSE,TRUE,synthland
EG98,27/06/2026,28/06/2026,NA,TRUE,FALSE,synthland
EG99,06/05/2026,07/05/2026,06/05/2026,FALSE,TRUE,synthland
EG100,30/06/2026,03/07/2026,NA,FALSE,TRUE,synthland
EG101,26/05/2026,28/05/2026,NA,FALSE,FALSE,synthland
EG102,02/06/2026,02/06/2026,NA,FALSE,FALSE,synthland
EG103,14/05/2026,19/05/2026,NA,FALSE,TRUE,synthland
EG104,03/05/2026,06/05/2026,NA,FALSE,FALSE,synthland
EG105,01/05/2026,07/05/2026,05/05/2026,TRUE,FALSE,synthland
EG106,25/06/2026,27/06/2026,29/06/2026,FALSE,FALSE,synthland
EG107,01/06/2026,05/06/2026,04/06/2026,TRUE,FALSE,synthland
EG108,08/05/2026,13/05/2026,NA,FALSE,FALSE,modelia
EG109,13/05/2026,13/05/2026,NA,FALSE,TRUE,synthland
EG110,04/05/2026,07/05/2026,09/05/2026,TRUE,TRUE,synthland
EG111,04/05/2026,07/05/2026,NA,FALSE,FALSE,synthland
EG112,08/06/2026,12/06/2026,NA,FALSE,FALSE,synthland
EG113,20/05/2026,23/05/2026,NA,TRUE,FALSE,synthland
EG114,30/05/2026,02/06/2026,NA,FALSE,TRUE,synthland
EG115,04/05/2026,09/05/2026,07/05/2026,FALSE,FALSE,synthland
EG116,15/06/2026,18/06/2026,NA,FALSE,TRUE,synthland
EG117,02/06/2026,02/06/2026,NA,TRUE,FALSE,synthland
EG118,09/06/2026,09/06/2026,NA,TRUE,TRUE,synthland
EG119,30/06/2026,03/07/2026,NA,FALSE,FALSE,synthland
EG120,07/05/2026,08/05/2026,10/05/2026,FALSE,TRUE,synthland
EG121,23/06/2026,24/06/2026,29/06/2026,FALSE,FALSE,synthland
EG122,08/05/2026,12/05/2026,NA,FALSE,FALSE,synthland
EG123,14/06/2026,19/06/2026,NA,FALSE,FALSE,synthland
EG124,24/06/2026,27/06/2026,NA,TRUE,FALSE,synthland
EG125,09/06/2026,09/06/2026,NA,FALSE,TRUE,synthland
EG126,02/06/2026,03/06/2026,NA,FALSE,FALSE,synthland
EG127,31/05/2026,31/05/2026,NA,FALSE,TRUE,synthland
EG128,15/06/2026,15/06/2026,NA,FALSE,FALSE,synthland
EG129,29/05/2026,30/05/2026,NA,TRUE,FALSE,synthland
EG130,17/06/2026,17/06/2026,NA,FALSE,FALSE,synthland
EG131,12/05/2026,13/05/2026,NA,FALSE,TRUE,synthland
EG132,30/05/2026,02/06/2026,30/05/2026,FALSE,FALSE,synthland
EG133,24/06/2026,26/06/2026,NA,FALSE,TRUE,novaland
EG134,26/06/2026,30/06/2026,NA,FALSE,FALSE,synthland
EG135,02/06/2026,05/06/2026,NA,FALSE,FALSE,synthland
EG136,05/06/2026,07/06/2026,NA,FALSE,FALSE,synthland
EG137,01/05/2026,04/05/2026,NA,FALSE,FALSE,synthland
EG138,22/06/2026,25/06/2026,NA,FALSE,FALSE,synthland
EG139,23/06/2026,23/06/2026,NA,FALSE,FALSE,synthland
EG140,22/06/2026,26/06/2026,28/06/2026,FALSE,FALSE,synthland
EG141,22/05/2026,24/05/2026,23/05/2026,TRUE,FALSE,synthland
EG142,21/05/2026,26/05/2026,NA,TRUE,TRUE,synthland
EG143,22/06/2026,25/06/2026,NA,FALSE,TRUE,synthland
EG144,10/06/2026,11/06/2026,NA,FALSE,TRUE,synthland
EG145,06/06/2026,06/06/2026,09/06/2026,TRUE,FALSE,synthland
EG146,27/05/2026,31/05/2026,NA,FALSE,TRUE,synthland
EG147,10/05/2026,12/05/2026,NA,FALSE,TRUE,synthland
EG148,13/05/2026,14/05/2026,18/05/2026,TRUE,FALSE,synthland
EG149,30/06/2026,02/07/2026,NA,TRUE,FALSE,synthland
EG150,03/06/2026,08/06/2026,NA,FALSE,TRUE,synthland
EG151,25/05/2026,27/05/2026,29/05/2026,FALSE,TRUE,datasia
EG152,09/05/2026,13/05/2026,NA,FALSE,TRUE,synthland
EG153,25/06/2026,27/06/2026,NA,FALSE,FALSE,synthland
EG154,21/06/2026,24/06/2026,NA,FALSE,TRUE,modelia
EG155,01/05/2026,03/05/2026,NA,TRUE,TRUE,synthland
EG156,30/06/2026,30/06/2026,02/07/2026,FALSE,TRUE,synthland
EG157,20/06/2026,20/06/2026,25/06/2026,FALSE,FALSE,synthland
EG158,08/06/2026,09/06/2026,NA,FALSE,FALSE,synthland
EG159,14/05/2026,16/05/2026,15/05/2026,FALSE,FALSE,synthland
EG160,24/05/2026,28/05/2026,27/05/2026,TRUE,FALSE,synthland
EG161,06/06/2026,11/06/2026,NA,FALSE,FALSE,synthland
EG162,13/06/2026,13/06/2026,NA,FALSE,TRUE,datasia
EG163,22/05/2026,27/05/2026,NA,TRUE,FALSE,synthland
EG164,08/06/2026,13/06/2026,NA,FALSE,TRUE,synthland
EG165,19/06/2026,21/06/2026,NA,FALSE,FALSE,synthland
EG166,21/05/2026,22/05/2026,NA,FALSE,TRUE,synthland
EG167,21/06/2026,22/06/2026,NA,FALSE,FALSE,synthland
EG168,02/05/2026,03/05/2026,NA,FALSE,FALSE,synthland
EG169,10/06/2026,11/06/2026,NA,FALSE,FALSE,synthland
EG170,27/05/2026,01/06/2026,NA,FALSE,FALSE,synthland
EG171,31/05/2026,04/06/2026,NA,FALSE,TRUE,synthland
EG172,15/05/2026,16/05/2026,21/05/2026,FALSE,FALSE,synthland
EG173,09/05/2026,10/05/2026,15/05/2026,FALSE,FALSE,synthland
EG174,25/06/2026,25/06/2026,NA,TRUE,FALSE,synthland
EG175,16/05/2026,20/05/2026,19/05/2026,TRUE,FALSE,synthland
EG176,15/06/2026,19/06/2026,NA,FALSE,FALSE,synthland
EG177,20/06/2026,24/06/2026,NA,FALSE,TRUE,synthland
EG178,01/06/2026,04/06/2026,NA,FALSE,FALSE,synthland
EG179,23/06/2026,26/06/2026,NA,FALSE,FALSE,synthland
EG180,31/05/2026,05/06/2026,NA,FALSE,TRUE,modelia
EG181,29/06/2026,03/07/2026,NA,TRUE,TRUE,synthland
EG182,28/06/2026,29/06/2026,NA,FALSE,FALSE,synthland
EG183,24/06/2026,28/06/2026,NA,TRUE,TRUE,synthland
EG184,26/05/2026,26/05/2026,27/05/2026,FALSE,TRUE,synthland
EG185,23/05/2026,27/05/2026,NA,FALSE,TRUE,synthland
EG186,16/06/2026,20/06/2026,NA,TRUE,TRUE,synthland
EG187,13/06/2026,16/06/2026,13/06/2026,TRUE,FALSE,synthland
EG188,16/05/2026,17/05/2026,NA,FALSE,FALSE,synthland
EG189,17/06/2026,21/06/2026,NA,TRUE,FALSE,synthland
EG190,06/06/2026,08/06/2026,NA,TRUE,FALSE,novaland
EG191,04/05/2026,07/05/2026,09/05/2026,FALSE,FALSE,synthland
EG192,15/06/2026,15/06/2026,NA,FALSE,TRUE,synthland
EG193,28/06/2026,03/07/2026,NA,FALSE,FALSE,synthland
EG194,22/06/2026,27/06/2026,NA,FALSE,FALSE,synthland
EG195,23/06/2026,28/06/2026,NA,TRUE,TRUE,synthland
EG196,07/06/2026,09/06/2026,NA,TRUE,FALSE,synthland
EG197,21/06/2026,23/06/2026,NA,TRUE,TRUE,modelia
EG198,13/05/2026,14/05/2026,NA,FALSE,FALSE,synthland
EG199,05/05/2026,09/05/2026,08/05/2026,TRUE,FALSE,synthland
EG200,13/05/2026,17/05/2026,NA,FALSE,FALSE,synthland
EG201,30/06/2026,03/07/2026,NA,TRUE,FALSE,synthland
EG202,30/05/2026,03/06/2026,NA,FALSE,FALSE,synthland
EG203,14/05/2026,16/05/2026,NA,FALSE,TRUE,synthland
EG204,26/06/2026,30/06/2026,NA,FALSE,FALSE,datasia
EG205,29/06/2026,29/06/2026,NA,TRUE,FALSE,synthland
EG206,06/06/2026,11/06/2026,NA,FALSE,FALSE,synthland
EG207,28/06/2026,01/07/2026,NA,FALSE,FALSE,synthland
EG208,16/05/2026,19/05/2026,NA,FALSE,FALSE,synthland
EG209,23/05/2026,26/05/2026,NA,FALSE,TRUE,synthland
EG210,20/06/2026,20/06/2026,NA,TRUE,FALSE,synthland
EG211,26/05/2026,29/05/2026,NA,TRUE,TRUE,synthland
EG212,06/05/2026,07/05/2026,11/05/2026,FALSE,FALSE,synthland
EG213,25/05/2026,25/05/2026,NA,FALSE,TRUE,synthland
EG214,02/05/2026,07/05/2026,03/05/2026,FALSE,FALSE,synthland
EG215,04/06/2026,07/06/2026,NA,TRUE,FALSE,synthland
EG216,14/05/2026,19/05/2026,NA,TRUE,FALSE,synthland
EG217,12/06/2026,12/06/2026,NA,TRUE,FALSE,synthland
EG218,20/05/2026,20/05/2026,24/05/2026,FALSE,FALSE,synthland
EG219,07/06/2026,10/06/2026,NA,FALSE,TRUE,synthland
EG220,10/05/2026,15/05/2026,NA,FALSE,FALSE,synthland
EG221,06/05/2026,08/05/2026,NA,FALSE,TRUE,synthland
EG222,06/05/2026,11/05/2026,NA,FALSE,TRUE,synthland
EG223,12/05/2026,14/05/2026,NA,TRUE,FALSE,synthland
EG224,18/05/2026,19/05/2026,NA,FALSE,TRUE,synthland
EG225,04/06/2026,08/06/2026,NA,FALSE,TRUE,synthland
EG226,11/06/2026,12/06/2026,11/06/2026,TRUE,FALSE,synthland
EG227,02/06/2026,03/06/2026,NA,TRUE,FALSE,synthland
EG228,17/05/2026,21/05/2026,NA,FALSE,FALSE,synthland
EG229,30/06/2026,04/07/2026,NA,FALSE,TRUE,synthland
EG230,10/05/2026,11/05/2026,12/05/2026,TRUE,FALSE,synthland
EG231,07/05/2026,08/05/2026,NA,FALSE,FALSE,synthland
EG232,24/06/2026,24/06/2026,NA,FALSE,FALSE,synthland
EG233,26/05/2026,31/05/2026,31/05/2026,TRUE,FALSE,synthland
EG234,11/05/2026,15/05/2026,17/05/2026,FALSE,TRUE,synthland
EG235,09/06/2026,11/06/2026,NA,FALSE,FALSE,novaland
EG236,04/06/2026,08/06/2026,NA,FALSE,FALSE,synthland
EG237,26/05/2026,29/05/2026,NA,FALSE,FALSE,synthland
EG238,29/05/2026,29/05/2026,04/06/2026,FALSE,FALSE,novaland
EG239,12/05/2026,12/05/2026,NA,FALSE,TRUE,synthland
EG240,09/06/2026,11/06/2026,NA,FALSE,FALSE,synthland
EG241,10/05/2026,10/05/2026,11/05/2026,TRUE,FALSE,synthland
EG242,22/06/2026,26/06/2026,29/06/2026,FALSE,FALSE,synthland
EG243,22/05/2026,26/05/2026,NA,FALSE,TRUE,synthland
EG244,21/05/2026,25/05/2026,NA,FALSE,FALSE,modelia
EG245,18/06/2026,18/06/2026,24/06/2026,TRUE,FALSE,synthland
EG246,28/06/2026,03/07/2026,29/06/2026,TRUE,TRUE,synthland
EG247,28/06/2026,28/06/2026,NA,FALSE,FALSE,synthland
EG248,11/05/2026,15/05/2026,NA,FALSE,FALSE,synthland
EG249,22/06/2026,23/06/2026,NA,FALSE,FALSE,synthland
EG250,02/06/2026,03/06/2026,06/06/2026,FALSE,FALSE,synthland
EG251,25/06/2026,02/07/2026,NA,FALSE,FALSE,synthland
EG252,12/05/2026,14/05/2026,NA,FALSE,FALSE,synthland
EG253,09/05/2026,11/05/2026,NA,FALSE,FALSE,datasia
EG254,29/05/2026,03/06/2026,NA,FALSE,FALSE,synthland
EG255,13/06/2026,18/06/2026,NA,FALSE,FALSE,synthland
EG256,24/05/2026,29/05/2026,NA,TRUE,FALSE,synthland
EG257,01/05/2026,05/05/2026,08/05/2026,TRUE,FALSE,synthland
EG258,24/05/2026,26/05/2026,24/05/2026,FALSE,TRUE,synthland
EG259,12/05/2026,12/05/2026,NA,FALSE,TRUE,synthland
EG260,15/05/2026,20/05/2026,NA,FALSE,FALSE,synthland
EG261,21/05/2026,24/05/2026,NA,FALSE,TRUE,synthland
EG262,10/05/2026,11/05/2026,NA,TRUE,TRUE,synthland
EG263,30/06/2026,30/06/2026,01/07/2026,FALSE,TRUE,synthland
EG264,12/05/2026,12/05/2026,NA,TRUE,TRUE,synthland
EG265,29/06/2026,04/07/2026,NA,FALSE,FALSE,synthland
EG266,14/05/2026,17/05/2026,NA,FALSE,TRUE,synthland
EG267,12/06/2026,12/06/2026,NA,FALSE,FALSE,synthland
EG268,28/06/2026,29/06/2026,NA,FALSE,FALSE,synthland
EG269,10/05/2026,12/05/2026,16/05/2026,TRUE,FALSE,synthland
EG270,16/05/2026,19/05/2026,NA,FALSE,TRUE,synthland
EG271,30/06/2026,02/07/2026,NA,FALSE,FALSE,synthland
EG272,30/05/2026,03/06/2026,NA,FALSE,FALSE,datasia
EG273,02/06/2026,05/06/2026,06/06/2026,FALSE,TRUE,synthland
EG274,05/05/2026,06/05/2026,NA,TRUE,TRUE,synthland
EG275,05/05/2026,10/05/2026,NA,FALSE,TRUE,synthland
EG276,02/05/2026,05/05/2026,NA,FALSE,TRUE,synthland
EG277,03/05/2026,04/05/2026,NA,TRUE,TRUE,synthland
EG278,09/05/2026,09/05/2026,NA,FALSE,TRUE,synthland
EG279,20/05/2026,25/05/2026,24/05/2026,FALSE,TRUE,synthland
EG280,26/06/2026,01/07/2026,NA,FALSE,TRUE,synthland
EG281,17/05/2026,20/05/2026,NA,FALSE,FALSE,synthland
EG282,24/05/2026,29/05/2026,30/05/2026,FALSE,FALSE,synthland
EG283,27/05/2026,30/05/2026,NA,FALSE,FALSE,synthland
EG284,13/05/2026,16/05/2026,NA,FALSE,TRUE,synthland
EG285,12/06/2026,16/06/2026,NA,TRUE,TRUE,synthland
EG286,26/05/2026,27/05/2026,02/06/2026,FALSE,FALSE,synthland
EG287,28/06/2026,01/07/2026,NA,FALSE,TRUE,synthland
EG288,26/05/2026,31/05/2026,NA,FALSE,FALSE,synthland
EG289,15/06/2026,19/06/2026,NA,FALSE,FALSE,synthland
EG290,21/05/2026,21/05/2026,NA,FALSE,TRUE,synthland
EG291,02/06/2026,04/06/2026,NA,FALSE,FALSE,synthland
EG292,16/06/2026,19/06/2026,NA,FALSE,TRUE,synthland
EG293,23/06/2026,22/06/2026,NA,FALSE,TRUE,synthland
EG294,08/06/2026,09/06/2026,NA,TRUE,TRUE,synthland
EG295,04/06/2026,08/06/2026,NA,FALSE,FALSE,synthland
EG296,03/05/2026,07/05/2026,03/05/2026,FALSE,FALSE,synthland
EG297,09/06/2026,14/06/2026,NA,TRUE,TRUE,synthland
EG298,20/06/2026,22/06/2026,NA,FALSE,FALSE,synthland
EG299,10/06/2026,14/06/2026,NA,TRUE,FALSE,synthland
EG300,23/06/2026,25/06/2026,NA,FALSE,FALSE,synthland
EG301,05/06/2026,09/06/2026,NA,FALSE,FALSE,synthland
EG302,31/05/2026,31/05/2026,NA,FALSE,FALSE,synthland
EG303,30/06/2026,02/07/2026,NA,FALSE,FALSE,synthland
EG304,16/06/2026,20/06/2026,16/06/2026,FALSE,TRUE,synthland
EG305,26/06/2026,01/07/2026,NA,FALSE,FALSE,synthland
EG306,31/05/2026,04/06/2026,NA,FALSE,FALSE,synthland
EG307,04/05/2026,05/07/2026,NA,FALSE,FALSE,synthland
EG308,11/05/2026,15/05/2026,NA,TRUE,FALSE,synthland
EG309,14/05/2026,14/05/2026,NA,FALSE,FALSE,synthland
EG310,08/05/2026,09/05/2026,NA,FALSE,TRUE,synthland
EG311,27/06/2026,29/06/2026,NA,FALSE,FALSE,synthland
EG312,25/05/2026,30/05/2026,NA,FALSE,FALSE,synthland
EG313,18/05/2026,19/05/2026,18/05/2026,TRUE,FALSE,synthland
EG314,23/06/2026,24/06/2026,26/06/2026,FALSE,FALSE,synthland
EG315,09/06/2026,09/06/2026,NA,FALSE,FALSE,synthland
EG316,30/06/2026,02/07/2026,NA,FALSE,FALSE,synthland
EG317,19/06/2026,23/06/2026,NA,TRUE,TRUE,synthland
EG318,17/05/2026,21/05/2026,19/05/2026,FALSE,TRUE,synthland
EG319,09/05/2026,12/05/2026,NA,FALSE,TRUE,synthland
EG320,26/05/2026,29/05/2026,NA,FALSE,FALSE,synthland
EG321,20/05/2026,22/05/2026,NA,FALSE,FALSE,synthland
EG322,21/05/2026,22/05/2026,NA,TRUE,TRUE,modelia
EG323,28/05/2026,01/06/2026,NA,TRUE,FALSE,synthland
EG324,07/05/2026,12/05/2026,NA,TRUE,FALSE,synthland
EG325,31/05/2026,31/05/2026,02/06/2026,TRUE,FALSE,synthland
EG326,05/05/2026,08/05/2026,NA,FALSE,FALSE,synthland
EG327,11/06/2026,16/06/2026,NA,FALSE,TRUE,synthland
EG328,09/06/2026,14/06/2026,NA,FALSE,TRUE,synthland
EG329,03/06/2026,08/06/2026,NA,FALSE,FALSE,synthland
EG330,29/06/2026,29/06/2026,NA,TRUE,TRUE,synthland
EG331,29/06/2026,01/07/2026,NA,TRUE,FALSE,synthland
EG332,31/05/2026,01/06/2026,NA,TRUE,FALSE,synthland
EG333,24/06/2026,24/06/2026,NA,FALSE,FALSE,synthland
EG334,03/06/2026,03/06/2026,NA,FALSE,FALSE,synthland
EG335,05/06/2026,07/06/2026,NA,FALSE,TRUE,synthland
EG336,26/06/2026,29/06/2026,NA,FALSE,TRUE,synthland
EG337,02/06/2026,04/06/2026,NA,FALSE,FALSE,synthland
EG338,30/06/2026,02/07/2026,NA,FALSE,TRUE,synthland
EG339,31/05/2026,05/06/2026,NA,FALSE,FALSE,synthland
EG340,26/06/2026,01/07/2026,NA,FALSE,TRUE,synthland
EG341,15/06/2026,17/06/2026,NA,TRUE,TRUE,synthland
EG342,31/05/2026,04/06/2026,NA,FALSE,TRUE,synthland
EG343,14/05/2026,17/05/2026,NA,TRUE,TRUE,synthland
EG344,27/05/2026,30/05/2026,30/05/2026,FALSE,FALSE,synthland
EG345,19/06/2026,24/06/2026,NA,FALSE,TRUE,synthland
EG346,06/06/2026,11/06/2026,NA,FALSE,FALSE,synthland
EG347,21/05/2026,25/05/2026,NA,TRUE,FALSE,synthland
EG348,19/05/2026,19/05/2026,NA,FALSE,TRUE,synthland
EG349,15/06/2026,19/06/2026,NA,FALSE,TRUE,synthland
EG350,15/05/2026,15/05/2026,NA,FALSE,TRUE,synthland
EG351,11/06/2026,14/06/2026,NA,FALSE,TRUE,synthland
EG352,17/05/2026,17/05/2026,NA,FALSE,FALSE,synthland
EG353,26/05/2026,26/05/2026,31/05/2026,TRUE,FALSE,synthland
EG354,20/05/2026,24/05/2026,NA,FALSE,TRUE,synthland
EG355,17/05/2026,22/05/2026,NA,FALSE,FALSE,synthland
EG356,24/06/2026,27/06/2026,NA,FALSE,TRUE,synthland
EG357,13/05/2026,17/05/2026,NA,FALSE,FALSE,synthland
EG358,15/06/2026,17/06/2026,21/06/2026,FALSE,FALSE,synthland
EG359,11/05/2026,11/05/2026,11/05/2026,FALSE,TRUE,synthland
EG360,21/06/2026,25/06/2026,28/06/2026,FALSE,FALSE,synthland
EG361,11/06/2026,13/06/2026,NA,FALSE,TRUE,synthland
EG362,29/06/2026,01/07/2026,29/06/2026,FALSE,TRUE,synthland
EG363,14/05/2026,15/05/2026,NA,FALSE,FALSE,synthland
EG364,30/05/2026,02/06/2026,03/06/2026,TRUE,TRUE,synthland
EG365,11/06/2026,14/06/2026,NA,TRUE,TRUE,synthland
EG366,27/06/2026,28/06/2026,NA,TRUE,FALSE,synthland
EG367,08/05/2026,10/05/2026,10/05/2026,FALSE,FALSE,synthland
EG368,08/05/2026,13/05/2026,NA,TRUE,TRUE,synthland
EG369,20/05/2026,21/05/2026,NA,FALSE,FALSE,synthland
EG370,03/05/2026,05/05/2026,07/05/2026,TRUE,FALSE,synthland
EG371,15/06/2026,19/06/2026,NA,FALSE,FALSE,synthland
EG372,25/05/2026,27/05/2026,26/05/2026,FALSE,TRUE,novaland
EG373,01/05/2026,01/05/2026,05/05/2026,FALSE,TRUE,synthland
EG374,07/06/2026,08/06/2026,07/06/2026,TRUE,FALSE,synthland
EG375,19/06/2026,19/06/2026,NA,FALSE,TRUE,synthland
EG376,30/05/2026,04/06/2026,NA,FALSE,FALSE,synthland
EG377,16/05/2026,17/05/2026,NA,FALSE,FALSE,synthland
EG378,08/06/2026,11/06/2026,NA,TRUE,FALSE,synthland
EG379,31/05/2026,02/06/2026,NA,FALSE,FALSE,synthland
EG380,04/05/2026,04/05/2026,NA,FALSE,FALSE,synthland
EG381,16/06/2026,21/06/2026,NA,TRUE,FALSE,synthland
EG382,06/05/2026,06/05/2026,12/05/2026,FALSE,FALSE,synthland
EG383,20/06/2026,22/06/2026,NA,FALSE,FALSE,synthland
EG384,25/05/2026,28/05/2026,NA,TRUE,TRUE,synthland
EG385,28/05/2026,30/05/2026,NA,TRUE,TRUE,synthland
EG386,22/05/2026,22/05/2026,24/05/2026,TRUE,TRUE,synthland
EG387,20/05/2026,21/05/2026,NA,FALSE,TRUE,synthland
EG388,13/05/2026,16/05/2026,NA,FALSE,TRUE,synthland
EG389,11/05/2026,15/05/2026,NA,FALSE,FALSE,synthland
EG390,05/05/2026,05/05/2026,NA,FALSE,FALSE,synthland
EG391,09/06/2026,11/06/2026,09/06/2026,TRUE,FALSE,synthland
EG392,14/06/2026,17/06/2026,14/06/2026,TRUE,FALSE,synthland
EG393,01/05/2026,02/05/2026,NA,FALSE,TRUE,synthland
EG394,03/06/2026,07/06/2026,NA,FALSE,FALSE,synthland
EG395,08/06/2026,13/06/2026,NA,FALSE,FALSE,synthland
EG396,01/06/2026,02/06/2026,07/06/2026,FALSE,FALSE,synthland
EG397,24/06/2026,29/06/2026,29/06/2026,TRUE,TRUE,synthland
EG398,01/06/2026,01/06/2026,NA,FALSE,TRUE,synthland
EG399,02/05/2026,07/05/2026,02/05/2026,FALSE,TRUE,novaland
EG400,16/05/2026,16/05/2026,NA,TRUE,FALSE,synthland
EG401,25/06/2026,28/06/2026,NA,TRUE,TRUE,modelia
EG402,18/05/2026,21/05/2026,24/05/2026,FALSE,FALSE,synthland
EG403,08/06/2026,11/06/2026,NA,FALSE,FALSE,synthland
EG404,20/05/2026,24/05/2026,NA,FALSE,FALSE,synthland
EG405,05/05/2026,10/05/2026,NA,FALSE,FALSE,synthland
EG406,09/06/2026,09/06/2026,NA,TRUE,FALSE,synthland
EG407,20/06/2026,23/06/2026,NA,TRUE,FALSE,synthland
EG408,23/05/2026,28/05/2026,NA,FALSE,FALSE,synthland
EG409,07/05/2026,05/08/2026,NA,TRUE,TRUE,synthland
EG410,28/06/2026,03/07/2026,NA,TRUE,FALSE,synthland
EG411,02/06/2026,07/06/2026,07/06/2026,FALSE,FALSE,synthland
EG412,24/06/2026,25/06/2026,NA,TRUE,TRUE,novaland
EG413,25/06/2026,25/06/2026,NA,TRUE,FALSE,synthland
EG414,01/06/2026,01/06/2026,NA,FALSE,TRUE,datasia
EG415,12/06/2026,13/06/2026,NA,TRUE,FALSE,synthland
EG416,13/05/2026,17/05/2026,NA,FALSE,FALSE,synthland
EG417,02/06/2026,05/06/2026,04/06/2026,FALSE,FALSE,synthland
EG418,28/06/2026,28/06/2026,NA,FALSE,FALSE,synthland
EG419,16/05/2026,16/05/2026,NA,FALSE,FALSE,synthland
EG420,11/06/2026,13/06/2026,NA,FALSE,FALSE,synthland
EG421,29/06/2026,02/07/2026,NA,FALSE,TRUE,datasia
EG422,10/06/2026,10/06/2026,NA,FALSE,TRUE,synthland
EG423,18/06/2026,21/06/2026,NA,FALSE,TRUE,synthland
EG424,28/05/2026,02/06/2026,NA,TRUE,FALSE,synthland
EG425,24/05/2026,24/05/2026,NA,FALSE,TRUE,synthland
EG426,14/06/2026,15/06/2026,NA,FALSE,FALSE,synthland
EG427,24/05/2026,27/05/2026,NA,FALSE,TRUE,synthland
EG428,06/06/2026,08/06/2026,NA,FALSE,FALSE,novaland
EG429,11/06/2026,14/06/2026,NA,TRUE,FALSE,synthland
EG430,01/05/2026,03/05/2026,NA,TRUE,FALSE,synthland
EG431,05/05/2026,09/05/2026,NA,TRUE,FALSE,synthland
EG432,16/05/2026,17/05/2026,NA,FALSE,FALSE,synthland
EG433,01/06/2026,05/06/2026,04/06/2026,FALSE,TRUE,synthland
EG434,11/06/2026,15/06/2026,NA,FALSE,FALSE,synthland
EG435,29/05/2026,02/06/2026,NA,TRUE,FALSE,synthland
EG436,13/05/2026,17/05/2026,NA,TRUE,FALSE,datasia
EG437,20/05/2026,22/05/2026,NA,FALSE,TRUE,synthland
EG438,26/05/2026,30/05/2026,NA,FALSE,FALSE,synthland
EG439,01/06/2026,06/06/2026,NA,FALSE,FALSE,synthland
EG440,04/05/2026,09/05/2026,07/05/2026,TRUE,FALSE,synthland
EG441,07/05/2026,10/05/2026,NA,TRUE,FALSE,synthland
EG442,31/05/2026,01/06/2026,NA,TRUE,FALSE,synthland
EG443,13/06/2026,18/06/2026,NA,FALSE,TRUE,synthland
EG444,02/05/2026,05/05/2026,NA,FALSE,FALSE,synthland
EG445,11/06/2026,12/06/2026,NA,FALSE,TRUE,synthland
EG446,29/06/2026,30/06/2026,NA,TRUE,TRUE,synthland
EG447,18/05/2026,19/05/2026,NA,FALSE,FALSE,synthland
EG448,29/06/2026,01/07/2026,NA,FALSE,TRUE,synthland
EG449,10/05/2026,15/05/2026,NA,FALSE,FALSE,synthland
EG450,23/05/2026,23/05/2026,NA,FALSE,TRUE,synthland
EG451,27/06/2026,27/06/2026,29/06/2026,TRUE,FALSE,synthland
EG452,01/05/2026,04/05/2026,NA,TRUE,FALSE,synthland
EG453,27/06/2026,01/07/2026,NA,FALSE,FALSE,synthland
EG454,14/05/2026,17/05/2026,NA,TRUE,TRUE,synthland
EG455,11/05/2026,16/05/2026,17/05/2026,TRUE,FALSE,novaland
EG456,17/06/2026,22/06/2026,NA,FALSE,FALSE,synthland
EG457,18/05/2026,18/05/2026,25/05/2026,FALSE,TRUE,synthland
EG458,18/06/2026,19/06/2026,NA,TRUE,TRUE,synthland
EG459,18/06/2026,19/06/2026,NA,TRUE,FALSE,synthland
EG460,10/06/2026,10/06/2026,NA,TRUE,FALSE,synthland
EG461,26/06/2026,29/06/2026,02/07/2026,FALSE,FALSE,synthland
EG462,13/05/2026,13/05/2026,NA,FALSE,TRUE,modelia
EG463,27/05/2026,29/05/2026,NA,FALSE,TRUE,synthland
EG464,18/06/2026,23/06/2026,NA,FALSE,FALSE,synthland
EG465,15/06/2026,20/06/2026,NA,TRUE,TRUE,synthland
EG466,20/06/2026,24/06/2026,NA,FALSE,FALSE,synthland
EG467,17/05/2026,19/05/2026,NA,TRUE,FALSE,synthland
EG468,11/06/2026,12/06/2026,NA,FALSE,TRUE,synthland
EG469,05/06/2026,08/06/2026,NA,FALSE,TRUE,synthland
EG470,20/06/2026,25/06/2026,NA,FALSE,FALSE,synthland
EG471,06/06/2026,06/06/2026,NA,FALSE,TRUE,synthland
EG472,06/05/2026,09/05/2026,NA,TRUE,TRUE,synthland
EG473,06/05/2026,07/05/2026,NA,FALSE,TRUE,synthland
EG474,27/05/2026,01/06/2026,NA,FALSE,FALSE,synthland
EG475,26/05/2026,29/05/2026,NA,TRUE,FALSE,synthland
EG476,20/05/2026,21/05/2026,NA,TRUE,FALSE,synthland
EG477,28/06/2026,30/06/2026,NA,TRUE,TRUE,synthland
EG478,21/05/2026,21/05/2026,NA,FALSE,FALSE,datasia
EG479,11/05/2026,14/05/2026,15/05/2026,FALSE,FALSE,synthland
EG480,30/06/2026,04/07/2026,NA,TRUE,FALSE,synthland
EG481,02/05/2026,02/05/2026,NA,FALSE,FALSE,synthland
EG482,15/06/2026,17/06/2026,NA,TRUE,TRUE,synthland
EG483,12/05/2026,17/05/2026,NA,FALSE,TRUE,synthland
EG484,04/06/2026,08/06/2026,NA,FALSE,TRUE,synthland
EG485,18/05/2026,21/05/2026,NA,FALSE,TRUE,synthland
EG486,29/05/2026,31/05/2026,NA,FALSE,TRUE,synthland
EG487,11/05/2026,15/05/2026,NA,FALSE,FALSE,synthland
EG488,04/05/2026,08/05/2026,NA,FALSE,FALSE,datasia
EG489,01/05/2026,02/05/2026,NA,FALSE,TRUE,synthland
EG490,19/05/2026,19/05/2026,NA,TRUE,TRUE,synthland
EG491,08/05/2026,10/05/2026,NA,FALSE,FALSE,synthland
EG492,25/05/2026,28/05/2026,NA,TRUE,FALSE,synthland
EG493,13/06/2026,15/06/2026,19/06/2026,FALSE,FALSE,synthland
EG494,08/06/2026,13/06/2026,NA,FALSE,FALSE,synthland
EG495,25/06/2026,28/06/2026,NA,FALSE,FALSE,synthland
EG496,22/05/2026,27/05/2026,NA,TRUE,FALSE,synthland
EG497,28/05/2026,28/05/2026,29/05/2026,TRUE,FALSE,synthland
EG498,30/05/2026,02/06/2026,NA,FALSE,FALSE,synthland
EG499,11/06/2026,13/06/2026,NA,FALSE,FALSE,synthland
EG500,19/05/2026,23/05/2026,NA,TRUE,TRUE,synthland
EG501,02/06/2026,05/06/2026,NA,FALSE,FALSE,synthland
EG502,23/05/2026,26/05/2026,NA,FALSE,FALSE,synthland
EG503,11/06/2026,14/06/2026,NA,FALSE,FALSE,synthland
EG504,14/06/2026,18/06/2026,NA,FALSE,FALSE,synthland
EG505,13/06/2026,18/06/2026,13/06/2026,FALSE,FALSE,synthland
EG506,19/06/2026,23/06/2026,NA,FALSE,TRUE,synthland
EG507,27/05/2026,27/05/2026,NA,FALSE,FALSE,synthland
EG508,31/05/2026,03/06/2026,NA,FALSE,TRUE,synthland
EG509,22/05/2026,24/05/2026,NA,TRUE,FALSE,synthland
EG510,18/05/2026,20/05/2026,19/05/2026,FALSE,TRUE,synthland
EG511,12/05/2026,14/05/2026,NA,TRUE,TRUE,synthland
EG512,28/05/2026,01/06/2026,NA,TRUE,TRUE,synthland
EG513,19/05/2026,24/05/2026,NA,FALSE,FALSE,synthland
EG514,24/06/2026,25/06/2026,NA,FALSE,FALSE,synthland
EG515,14/06/2026,19/06/2026,15/06/2026,FALSE,TRUE,synthland
EG516,08/05/2026,09/05/2026,NA,TRUE,FALSE,synthland
EG517,06/06/2026,09/06/2026,NA,FALSE,FALSE,synthland
EG518,08/05/2026,12/05/2026,NA,FALSE,FALSE,synthland
EG519,03/06/2026,06/06/2026,NA,FALSE,FALSE,synthland
EG520,21/06/2026,22/06/2026,26/06/2026,FALSE,FALSE,synthland
EG521,28/06/2026,02/07/2026,29/06/2026,TRUE,TRUE,synthland
EG522,02/05/2026,03/05/2026,NA,FALSE,FALSE,synthland
EG523,02/05/2026,03/05/2026,NA,FALSE,FALSE,synthland
EG524,23/05/2026,27/05/2026,30/05/2026,TRUE,FALSE,synthland
EG525,12/05/2026,12/05/2026,NA,FALSE,TRUE,synthland
EG526,20/05/2026,23/05/2026,NA,FALSE,FALSE,synthland
EG527,10/06/2026,10/06/2026,NA,FALSE,FALSE,synthland
EG528,21/06/2026,24/06/2026,28/06/2026,FALSE,FALSE,synthland
EG529,02/06/2026,06/06/2026,NA,FALSE,FALSE,synthland
EG530,12/06/2026,17/06/2026,12/06/2026,FALSE,FALSE,synthland
EG531,21/06/2026,23/06/2026,NA,TRUE,FALSE,synthland
EG532,10/06/2026,14/06/2026,NA,FALSE,FALSE,synthland
EG533,16/05/2026,20/05/2026,NA,FALSE,FALSE,synthland
EG534,02/06/2026,04/06/2026,NA,TRUE,FALSE,synthland
EG535,01/06/2026,02/06/2026,NA,FALSE,FALSE,synthland
EG536,10/06/2026,14/06/2026,NA,FALSE,TRUE,synthland
EG537,23/05/2026,25/05/2026,NA,FALSE,FALSE,synthland
EG538,02/05/2026,05/05/2026,NA,FALSE,FALSE,synthland
EG539,24/05/2026,28/05/2026,NA,FALSE,FALSE,datasia
EG540,02/06/2026,06/06/2026,NA,FALSE,TRUE,synthland
EG541,19/06/2026,22/06/2026,NA,FALSE,TRUE,synthland
EG542,21/06/2026,22/06/2026,24/06/2026,TRUE,FALSE,synthland
EG543,14/05/2026,19/05/2026,NA,FALSE,TRUE,synthland
EG544,28/05/2026,28/05/2026,NA,FALSE,TRUE,synthland
EG545,02/06/2026,06/06/2026,NA,FALSE,FALSE,synthland
EG546,30/05/2026,03/06/2026,06/06/2026,TRUE,FALSE,synthland
EG547,25/05/2026,29/05/2026,NA,TRUE,FALSE,synthland
EG548,09/05/2026,11/05/2026,NA,FALSE,FALSE,synthland
EG549,24/05/2026,29/05/2026,NA,FALSE,FALSE,synthland
EG550,18/05/2026,22/05/2026,21/05/2026,TRUE,FALSE,synthland
EG551,18/05/2026,19/05/2026,NA,TRUE,FALSE,novaland
EG552,23/05/2026,26/05/2026,NA,FALSE,FALSE,synthland
EG553,27/06/2026,30/06/2026,NA,TRUE,FALSE,synthland
EG554,27/05/2026,01/06/2026,NA,TRUE,FALSE,synthland
EG555,21/06/2026,21/06/2026,NA,TRUE,FALSE,synthland
EG556,12/06/2026,13/06/2026,18/06/2026,FALSE,FALSE,synthland
EG557,14/05/2026,18/05/2026,NA,TRUE,FALSE,synthland
EG558,25/05/2026,28/05/2026,NA,FALSE,TRUE,modelia
EG559,25/06/2026,26/06/2026,NA,FALSE,TRUE,synthland
EG560,22/06/2026,23/06/2026,NA,FALSE,FALSE,synthland
EG561,27/06/2026,02/07/2026,01/07/2026,FALSE,FALSE,synthland
EG562,25/05/2026,28/05/2026,NA,TRUE,FALSE,synthland
EG563,29/06/2026,02/07/2026,03/07/2026,TRUE,FALSE,synthland
EG564,19/05/2026,24/05/2026,NA,FALSE,FALSE,synthland
EG565,19/05/2026,23/05/2026,NA,TRUE,TRUE,synthland
EG566,27/06/2026,28/06/2026,NA,FALSE,FALSE,synthland
EG567,12/05/2026,14/05/2026,16/05/2026,FALSE,FALSE,synthland
EG568,12/05/2026,13/05/2026,NA,TRUE,FALSE,synthland
EG569,15/05/2026,20/05/2026,NA,FALSE,TRUE,synthland
EG570,24/05/2026,24/05/2026,NA,FALSE,FALSE,synthland
EG571,26/05/2026,28/05/2026,NA,FALSE,TRUE,synthland
EG572,26/05/2026,27/05/2026,02/06/2026,FALSE,FALSE,synthland
EG573,17/05/2026,19/05/2026,NA,TRUE,FALSE,synthland
EG574,02/06/2026,07/06/2026,NA,FALSE,FALSE,synthland
EG575,10/05/2026,11/05/2026,12/05/2026,FALSE,TRUE,modelia
EG576,08/05/2026,10/05/2026,NA,FALSE,FALSE,synthland
EG577,18/05/2026,20/05/2026,23/05/2026,FALSE,FALSE,synthland
EG578,21/06/2026,26/06/2026,NA,TRUE,FALSE,synthland
EG579,24/06/2026,29/06/2026,29/06/2026,FALSE,FALSE,novaland
EG580,09/06/2026,12/06/2026,NA,FALSE,TRUE,synthland
EG581,27/06/2026,28/06/2026,27/06/2026,FALSE,TRUE,synthland
EG582,08/05/2026,08/05/2026,NA,TRUE,TRUE,synthland
EG583,29/06/2026,01/07/2026,NA,FALSE,TRUE,synthland
EG584,28/05/2026,28/05/2026,29/05/2026,FALSE,TRUE,synthland
EG585,20/05/2026,23/05/2026,26/05/2026,FALSE,FALSE,synthland
EG586,24/05/2026,26/05/2026,NA,FALSE,TRUE,synthland
EG587,07/06/2026,10/06/2026,NA,FALSE,FALSE,synthland
EG588,12/05/2026,17/05/2026,NA,TRUE,FALSE,synthland
EG589,12/05/2026,13/05/2026,NA,FALSE,FALSE,synthland
EG590,22/06/2026,27/06/2026,NA,FALSE,FALSE,synthland
EG591,02/05/2026,02/05/2026,NA,FALSE,TRUE,synthland
EG592,08/06/2026,09/06/2026,NA,FALSE,TRUE,synthland
EG593,16/06/2026,18/06/2026,NA,TRUE,FALSE,synthland
EG594,30/05/2026,04/06/2026,NA,FALSE,TRUE,synthland
EG595,02/05/2026,06/05/2026,NA,FALSE,TRUE,synthland
EG596,23/05/2026,27/05/2026,NA,TRUE,FALSE,synthland
EG597,29/05/2026,30/05/2026,NA,FALSE,TRUE,synthland
EG598,06/06/2026,09/06/2026,NA,FALSE,TRUE,synthland
EG599,04/05/2026,09/05/2026,NA,FALSE,TRUE,synthland
EG600,19/05/2026,19/05/2026,NA,FALSE,FALSE,synthland
EG601,27/06/2026,29/06/2026,NA,FALSE,TRUE,synthland
EG602,03/06/2026,08/06/2026,NA,FALSE,TRUE,synthland
EG603,05/06/2026,05/06/2026,NA,FALSE,FALSE,synthland
EG604,30/05/2026,01/06/2026,NA,TRUE,TRUE,synthland
EG605,16/05/2026,19/05/2026,18/05/2026,FALSE,FALSE,synthland
EG606,28/05/2026,30/05/2026,30/05/2026,FALSE,FALSE,synthland
EG607,27/06/2026,27/06/2026,28/06/2026,FALSE,FALSE,synthland
EG608,22/06/2026,24/06/2026,NA,TRUE,FALSE,synthland
EG609,16/05/2026,17/05/2026,NA,FALSE,TRUE,synthland
EG610,29/06/2026,29/06/2026,NA,TRUE,FALSE,synthland
EG611,24/05/2026,24/05/2026,28/05/2026,FALSE,FALSE,synthland
EG612,13/05/2026,17/05/2026,NA,TRUE,TRUE,synthland
EG613,19/05/2026,20/05/2026,NA,TRUE,FALSE,synthland
EG614,31/05/2026,04/06/2026,NA,FALSE,FALSE,synthland
EG615,10/05/2026,12/05/2026,NA,FALSE,FALSE,synthland
EG616,04/05/2026,05/05/2026,NA,FALSE,TRUE,synthland
EG617,25/06/2026,26/06/2026,NA,FALSE,FALSE,synthland
EG618,30/06/2026,03/07/2026,06/07/2026,TRUE,FALSE,synthland
EG619,29/05/2026,29/05/2026,31/05/2026,TRUE,FALSE,synthland
EG620,09/06/2026,12/06/2026,NA,FALSE,FALSE,datasia
EG621,22/05/2026,26/05/2026,NA,FALSE,FALSE,synthland
EG622,28/05/2026,31/05/2026,28/05/2026,FALSE,TRUE,synthland
EG623,02/05/2026,05/05/2026,05/05/2026,FALSE,TRUE,synthland
EG624,19/05/2026,19/05/2026,NA,FALSE,TRUE,synthland
EG625,20/05/2026,23/05/2026,NA,TRUE,FALSE,synthland
EG626,12/06/2026,14/06/2026,18/06/2026,TRUE,TRUE,synthland
EG627,08/06/2026,13/06/2026,08/06/2026,FALSE,TRUE,synthland
EG628,07/05/2026,12/05/2026,NA,FALSE,FALSE,synthland
EG629,23/05/2026,25/05/2026,NA,TRUE,FALSE,synthland
EG630,11/06/2026,16/06/2026,NA,FALSE,FALSE,synthland
EG631,01/06/2026,04/06/2026,01/06/2026,TRUE,FALSE,synthland
EG632,30/05/2026,01/06/2026,NA,FALSE,FALSE,synthland
EG633,18/06/2026,18/06/2026,NA,FALSE,FALSE,synthland
EG634,13/06/2026,17/06/2026,NA,TRUE,FALSE,synthland
EG635,21/06/2026,25/06/2026,NA,TRUE,FALSE,synthland
EG636,07/05/2026,07/05/2026,10/05/2026,FALSE,TRUE,synthland
EG637,17/05/2026,21/05/2026,NA,TRUE,TRUE,synthland
EG638,22/06/2026,24/06/2026,NA,FALSE,FALSE,synthland
EG639,10/06/2026,11/06/2026,NA,FALSE,FALSE,synthland
EG640,19/06/2026,20/06/2026,NA,TRUE,TRUE,synthland
EG641,16/05/2026,21/05/2026,NA,FALSE,FALSE,novaland
EG642,04/06/2026,06/06/2026,06/06/2026,TRUE,FALSE,synthland
EG643,07/05/2026,09/05/2026,07/05/2026,FALSE,FALSE,synthland
EG644,20/05/2026,23/05/2026,NA,FALSE,FALSE,synthland
EG645,22/05/2026,23/05/2026,NA,FALSE,TRUE,synthland
EG646,29/06/2026,03/07/2026,NA,FALSE,FALSE,synthland
EG647,09/06/2026,11/06/2026,14/06/2026,TRUE,FALSE,novaland
EG648,30/05/2026,31/05/2026,NA,FALSE,FALSE,synthland
EG649,24/06/2026,26/06/2026,NA,TRUE,TRUE,synthland
EG650,03/06/2026,07/06/2026,NA,FALSE,TRUE,synthland
EG651,23/06/2026,23/06/2026,NA,FALSE,TRUE,synthland
EG652,31/05/2026,31/05/2026,NA,FALSE,TRUE,modelia
EG653,19/05/2026,20/05/2026,NA,TRUE,FALSE,synthland
EG654,18/06/2026,20/06/2026,NA,FALSE,FALSE,synthland
EG655,19/05/2026,20/05/2026,NA,FALSE,FALSE,synthland
EG656,22/06/2026,24/06/2026,NA,TRUE,FALSE,synthland
EG657,30/06/2026,04/07/2026,NA,FALSE,FALSE,synthland
EG658,05/06/2026,09/06/2026,NA,FALSE,FALSE,synthland
EG659,26/06/2026,30/06/2026,NA,TRUE,TRUE,synthland
EG660,06/04/2026,05/06/2026,NA,TRUE,TRUE,synthland
EG661,31/05/2026,01/06/2026,NA,TRUE,FALSE,synthland
EG662,18/06/2026,20/06/2026,NA,TRUE,FALSE,synthland
EG663,02/06/2026,06/06/2026,NA,FALSE,TRUE,datasia
EG664,24/05/2026,29/05/2026,NA,TRUE,TRUE,synthland
EG665,20/06/2026,22/06/2026,25/06/2026,FALSE,TRUE,synthland
EG666,18/06/2026,22/06/2026,NA,FALSE,TRUE,synthland
EG667,03/05/2026,04/05/2026,NA,FALSE,FALSE,synthland
EG668,18/06/2026,18/06/2026,NA,FALSE,FALSE,modelia
EG669,02/06/2026,05/06/2026,NA,FALSE,FALSE,synthland
EG670,04/05/2026,06/05/2026,NA,TRUE,FALSE,synthland
EG671,01/05/2026,01/05/2026,NA,FALSE,FALSE,synthland
EG672,23/06/2026,23/06/2026,NA,FALSE,FALSE,synthland
EG673,22/05/2026,24/05/2026,NA,FALSE,FALSE,synthland
EG674,22/06/2026,24/06/2026,NA,FALSE,TRUE,datasia
EG675,08/06/2026,13/06/2026,NA,TRUE,TRUE,synthland
EG676,21/06/2026,25/06/2026,NA,TRUE,TRUE,synthland
EG677,25/06/2026,30/06/2026,30/06/2026,TRUE,FALSE,synthland
EG678,24/05/2026,26/05/2026,NA,TRUE,FALSE,synthland
EG679,21/06/2026,25/06/2026,NA,FALSE,FALSE,synthland
EG680,06/05/2026,10/05/2026,12/05/2026,TRUE,FALSE,synthland
EG681,04/06/2026,06/06/2026,NA,FALSE,TRUE,datasia
EG682,14/06/2026,14/06/2026,NA,TRUE,FALSE,synthland
EG683,13/05/2026,13/05/2026,NA,FALSE,TRUE,synthland
EG684,17/05/2026,21/05/2026,NA,TRUE,FALSE,synthland
EG685,09/06/2026,13/06/2026,12/06/2026,TRUE,FALSE,synthland
EG686,26/06/2026,26/06/2026,NA,FALSE,FALSE,synthland
EG687,28/06/2026,01/07/2026,NA,TRUE,FALSE,synthland
EG688,23/05/2026,28/05/2026,NA,FALSE,FALSE,synthland
EG689,18/06/2026,22/06/2026,NA,TRUE,TRUE,synthland
EG690,29/05/2026,01/06/2026,NA,FALSE,TRUE,synthland
EG691,09/05/2026,10/05/2026,13/05/2026,FALSE,TRUE,synthland
EG692,11/06/2026,13/06/2026,NA,TRUE,FALSE,modelia
EG693,26/05/2026,31/05/2026,NA,FALSE,FALSE,synthland
EG694,27/05/2026,30/05/2026,NA,TRUE,FALSE,synthland
EG695,27/06/2026,27/06/2026,28/06/2026,FALSE,TRUE,synthland
EG696,22/06/2026,23/06/2026,NA,FALSE,FALSE,synthland
EG697,07/05/2026,11/05/2026,08/05/2026,FALSE,FALSE,synthland
EG698,28/05/2026,01/06/2026,NA,FALSE,FALSE,datasia
EG699,15/05/2026,15/05/2026,NA,TRUE,FALSE,synthland
EG700,24/05/2026,24/05/2026,NA,FALSE,FALSE,synthland
EG701,09/06/2026,12/06/2026,09/06/2026,FALSE,FALSE,synthland
EG702,23/06/2026,24/06/2026,NA,FALSE,FALSE,synthland
EG703,13/06/2026,13/06/2026,NA,FALSE,TRUE,synthland
EG704,22/06/2026,25/06/2026,NA,FALSE,TRUE,synthland
EG705,27/06/2026,01/07/2026,NA,FALSE,TRUE,synthland
EG706,28/05/2026,02/06/2026,01/06/2026,FALSE,FALSE,synthland
EG707,18/06/2026,19/06/2026,NA,FALSE,FALSE,synthland
EG708,24/05/2026,27/05/2026,NA,FALSE,TRUE,synthland
EG709,02/06/2026,04/06/2026,NA,FALSE,FALSE,synthland
EG710,29/06/2026,29/06/2026,NA,FALSE,FALSE,synthland
EG711,20/05/2026,20/05/2026,NA,FALSE,TRUE,synthland
EG712,07/05/2026,10/05/2026,NA,FALSE,FALSE,synthland
EG713,01/06/2026,02/06/2026,NA,TRUE,FALSE,synthland
EG714,29/05/2026,02/06/2026,03/06/2026,FALSE,FALSE,synthland
EG715,07/05/2026,11/05/2026,NA,FALSE,FALSE,synthland
EG716,09/06/2026,11/06/2026,NA,TRUE,FALSE,synthland
EG717,30/06/2026,30/06/2026,NA,FALSE,TRUE,synthland
EG718,15/06/2026,18/06/2026,NA,FALSE,FALSE,synthland
EG719,06/05/2026,09/05/2026,NA,FALSE,TRUE,synthland
EG720,14/05/2026,17/05/2026,NA,FALSE,FALSE,synthland
EG721,05/05/2026,08/05/2026,NA,FALSE,FALSE,synthland
EG722,24/05/2026,25/05/2026,NA,TRUE,TRUE,synthland
EG723,14/06/2026,14/06/2026,NA,FALSE,FALSE,synthland
EG724,11/06/2026,11/06/2026,NA,TRUE,FALSE,synthland
EG725,27/05/2026,28/05/2026,NA,FALSE,TRUE,synthland
EG726,06/06/2026,10/06/2026,06/06/2026,TRUE,FALSE,synthland
EG727,16/06/2026,21/06/2026,NA,FALSE,FALSE,synthland
EG728,12/05/2026,17/05/2026,NA,FALSE,TRUE,synthland
EG729,17/06/2026,22/06/2026,NA,TRUE,FALSE,synthland
EG730,17/05/2026,17/05/2026,18/05/2026,TRUE,FALSE,synthland
EG731,01/06/2026,02/06/2026,NA,FALSE,TRUE,synthland
EG732,04/05/2026,05/05/2026,10/05/2026,FALSE,TRUE,datasia
EG733,29/05/2026,29/05/2026,NA,FALSE,FALSE,synthland
EG734,09/05/2026,11/05/2026,NA,FALSE,FALSE,synthland
EG735,26/05/2026,29/05/2026,NA,FALSE,FALSE,modelia
EG736,05/06/2026,08/06/2026,NA,TRUE,FALSE,synthland
EG737,12/05/2026,17/05/2026,NA,FALSE,FALSE,synthland
EG738,24/06/2026,26/06/2026,NA,FALSE,FALSE,synthland
EG739,11/05/2026,14/05/2026,NA,FALSE,TRUE,novaland
EG740,27/06/2026,02/07/2026,NA,FALSE,TRUE,synthland
EG741,30/06/2026,05/07/2026,NA,TRUE,TRUE,synthland
EG742,20/06/2026,19/06/2026,21/06/2026,TRUE,TRUE,synthland
EG743,07/06/2026,09/06/2026,NA,FALSE,TRUE,synthland
EG744,19/06/2026,23/06/2026,NA,TRUE,FALSE,synthland
EG745,22/06/2026,23/06/2026,NA,TRUE,FALSE,synthland
EG746,13/05/2026,14/05/2026,13/05/2026,FALSE,FALSE,synthland
EG747,30/06/2026,04/07/2026,03/07/2026,TRUE,FALSE,synthland
EG748,07/06/2026,07/06/2026,NA,FALSE,FALSE,synthland
EG749,10/06/2026,12/06/2026,NA,TRUE,FALSE,synthland
EG750,24/05/2026,24/05/2026,30/05/2026,FALSE,FALSE,synthland
EG751,30/05/2026,02/06/2026,NA,FALSE,FALSE,synthland
EG752,25/05/2026,27/05/2026,NA,FALSE,TRUE,synthland
EG753,17/06/2026,18/06/2026,NA,FALSE,FALSE,synthland
EG754,11/05/2026,16/05/2026,NA,FALSE,FALSE,synthland
EG755,27/05/2026,01/06/2026,NA,FALSE,FALSE,synthland
EG756,18/05/2026,18/05/2026,NA,FALSE,FALSE,novaland
EG757,04/05/2026,04/05/2026,09/05/2026,FALSE,TRUE,synthland
EG758,27/06/2026,01/07/2026,NA,TRUE,TRUE,datasia
EG759,17/06/2026,20/06/2026,NA,FALSE,FALSE,synthland
EG760,09/06/2026,13/06/2026,NA,FALSE,FALSE,synthland
EG761,02/05/2026,07/05/2026,NA,FALSE,FALSE,synthland
EG762,03/06/2026,08/06/2026,NA,FALSE,TRUE,synthland
EG763,10/06/2026,14/06/2026,NA,FALSE,TRUE,synthland
EG764,14/06/2026,17/06/2026,NA,TRUE,FALSE,synthland
EG765,28/05/2026,30/05/2026,NA,FALSE,FALSE,synthland
EG766,23/05/2026,25/05/2026,NA,FALSE,FALSE,synthland
EG767,10/05/2026,12/05/2026,14/05/2026,FALSE,FALSE,synthland
EG768,30/06/2026,02/07/2026,NA,TRUE,FALSE,synthland
EG769,15/06/2026,18/06/2026,NA,FALSE,FALSE,synthland
EG770,13/05/2026,17/05/2026,NA,TRUE,FALSE,synthland
EG771,17/06/2026,19/06/2026,20/06/2026,FALSE,TRUE,synthland
EG772,30/06/2026,02/07/2026,NA,FALSE,FALSE,synthland
EG773,08/05/2026,09/05/2026,13/05/2026,FALSE,FALSE,synthland
EG774,21/05/2026,22/05/2026,28/05/2026,FALSE,FALSE,synthland
EG775,06/05/2026,11/05/2026,10/05/2026,FALSE,FALSE,synthland
EG776,05/06/2026,08/06/2026,05/06/2026,TRUE,FALSE,synthland
EG777,22/05/2026,22/05/2026,NA,FALSE,FALSE,modelia
EG778,20/06/2026,23/06/2026,25/06/2026,FALSE,FALSE,synthland
EG779,24/06/2026,24/06/2026,NA,FALSE,TRUE,synthland
EG780,20/06/2026,21/06/2026,NA,FALSE,FALSE,synthland
EG781,06/05/2026,09/05/2026,12/05/2026,FALSE,FALSE,synthland
EG782,10/05/2026,11/05/2026,14/05/2026,FALSE,TRUE,synthland
EG783,21/05/2026,22/05/2026,NA,FALSE,FALSE,synthland
EG784,01/06/2026,02/06/2026,NA,FALSE,FALSE,synthland
EG785,25/05/2026,27/05/2026,31/05/2026,TRUE,FALSE,synthland
EG786,15/06/2026,15/06/2026,15/06/2026,FALSE,FALSE,synthland
EG787,07/06/2026,11/06/2026,NA,TRUE,FALSE,synthland
EG788,20/06/2026,24/06/2026,NA,TRUE,FALSE,synthland
EG789,02/06/2026,06/06/2026,NA,FALSE,TRUE,synthland
EG790,03/05/2026,08/05/2026,NA,FALSE,FALSE,synthland
EG791,13/05/2026,16/05/2026,NA,FALSE,FALSE,synthland
EG792,03/06/2026,08/06/2026,03/06/2026,TRUE,TRUE,synthland
EG793,02/06/2026,02/06/2026,NA,FALSE,FALSE,synthland
EG794,30/05/2026,31/05/2026,NA,FALSE,FALSE,synthland
EG795,27/05/2026,31/05/2026,NA,FALSE,FALSE,datasia
EG796,08/05/2026,10/05/2026,14/05/2026,FALSE,TRUE,synthland
EG797,05/06/2026,09/06/2026,NA,FALSE,FALSE,synthland
EG798,13/05/2026,15/05/2026,NA,FALSE,TRUE,synthland
EG799,27/06/2026,29/06/2026,NA,FALSE,FALSE,synthland
EG800,16/06/2026,20/06/2026,22/06/2026,FALSE,FALSE,datasia
EG801,20/05/2026,23/05/2026,NA,FALSE,FALSE,synthland
EG802,11/06/2026,12/06/2026,NA,FALSE,FALSE,modelia
EG803,13/05/2026,16/05/2026,NA,FALSE,FALSE,synthland
EG804,26/05/2026,30/05/2026,NA,FALSE,FALSE,synthland
EG805,10/06/2026,12/06/2026,NA,FALSE,FALSE,synthland
EG806,30/06/2026,02/07/2026,02/07/2026,FALSE,FALSE,synthland
EG807,07/06/2026,06/08/2026,NA,TRUE,FALSE,synthland
EG808,22/06/2026,24/06/2026,NA,TRUE,TRUE,synthland
EG809,13/06/2026,13/06/2026,16/06/2026,FALSE,FALSE,synthland
EG810,13/06/2026,15/06/2026,NA,TRUE,FALSE,synthland
EG811,18/06/2026,23/06/2026,NA,FALSE,FALSE,synthland
EG812,07/06/2026,09/06/2026,NA,FALSE,FALSE,synthland
EG813,01/06/2026,04/06/2026,NA,FALSE,FALSE,synthland
EG814,10/05/2026,12/05/2026,NA,FALSE,TRUE,synthland
EG815,17/05/2026,22/05/2026,NA,FALSE,TRUE,novaland
EG816,05/05/2026,08/05/2026,NA,FALSE,FALSE,synthland
EG817,07/05/2026,07/05/2026,NA,FALSE,FALSE,synthland
EG818,30/05/2026,03/06/2026,NA,TRUE,TRUE,synthland
EG819,03/05/2026,07/05/2026,NA,FALSE,FALSE,synthland
EG820,12/05/2026,17/05/2026,12/05/2026,TRUE,FALSE,synthland
EG821,22/06/2026,25/06/2026,NA,FALSE,TRUE,datasia
EG822,17/06/2026,19/06/2026,NA,FALSE,FALSE,synthland
EG823,18/06/2026,19/06/2026,NA,FALSE,FALSE,synthland
EG824,28/05/2026,29/05/2026,NA,TRUE,FALSE,synthland
EG825,30/05/2026,04/06/2026,01/06/2026,FALSE,TRUE,synthland
EG826,13/05/2026,18/05/2026,NA,FALSE,TRUE,synthland
EG827,04/05/2026,06/05/2026,NA,TRUE,FALSE,synthland
EG828,02/06/2026,04/06/2026,NA,TRUE,FALSE,synthland
EG829,25/05/2026,29/05/2026,NA,FALSE,FALSE,synthland
EG830,13/06/2026,14/06/2026,NA,FALSE,FALSE,synthland
EG831,17/05/2026,19/05/2026,NA,TRUE,FALSE,synthland
EG832,06/05/2026,09/05/2026,NA,TRUE,FALSE,synthland
EG833,10/05/2026,15/05/2026,NA,TRUE,TRUE,synthland
EG834,28/05/2026,30/05/2026,NA,FALSE,TRUE,synthland
EG835,09/06/2026,10/06/2026,NA,FALSE,FALSE,synthland
EG836,01/06/2026,04/06/2026,NA,TRUE,FALSE,synthland
EG837,08/06/2026,13/06/2026,NA,TRUE,TRUE,modelia
EG838,14/05/2026,14/05/2026,NA,TRUE,FALSE,synthland
EG839,20/06/2026,25/06/2026,NA,FALSE,TRUE,synthland
EG840,06/05/2026,09/05/2026,NA,FALSE,FALSE,synthland
EG841,15/05/2026,15/05/2026,NA,FALSE,TRUE,synthland
EG842,08/06/2026,11/06/2026,NA,FALSE,TRUE,synthland
EG843,28/06/2026,02/07/2026,NA,FALSE,TRUE,synthland
EG844,20/05/2026,20/05/2026,NA,FALSE,FALSE,synthland
EG845,12/06/2026,17/06/2026,NA,FALSE,TRUE,synthland
EG846,05/06/2026,09/06/2026,NA,FALSE,FALSE,synthland
EG847,15/06/2026,15/06/2026,NA,FALSE,FALSE,synthland
EG848,10/06/2026,12/06/2026,14/06/2026,FALSE,TRUE,synthland
EG849,20/05/2026,21/05/2026,NA,FALSE,TRUE,synthland
EG850,11/05/2026,13/05/2026,NA,FALSE,TRUE,synthland
EG851,15/05/2026,17/05/2026,NA,TRUE,FALSE,modelia
EG852,01/06/2026,05/06/2026,NA,FALSE,FALSE,synthland
EG853,26/05/2026,26/05/2026,NA,FALSE,TRUE,synthland
EG854,26/05/2026,31/05/2026,NA,FALSE,FALSE,datasia
EG855,11/05/2026,15/05/2026,NA,FALSE,TRUE,synthland
EG856,29/05/2026,02/06/2026,NA,FALSE,FALSE,synthland
EG857,19/05/2026,24/05/2026,NA,FALSE,FALSE,synthland
EG858,12/06/2026,13/06/2026,NA,FALSE,FALSE,synthland
EG859,18/06/2026,18/06/2026,NA,FALSE,FALSE,synthland
EG860,15/06/2026,19/06/2026,21/06/2026,TRUE,FALSE,synthland
EG861,08/06/2026,13/06/2026,NA,FALSE,TRUE,synthland
EG862,11/05/2026,11/05/2026,NA,FALSE,TRUE,modelia
EG863,16/05/2026,16/05/2026,NA,FALSE,FALSE,synthland
EG864,12/05/2026,12/05/2026,NA,FALSE,TRUE,synthland
EG865,26/06/2026,29/06/2026,NA,FALSE,FALSE,synthland
EG866,17/05/2026,18/05/2026,17/05/2026,FALSE,FALSE,modelia
EG867,10/05/2026,15/05/2026,NA,FALSE,FALSE,synthland
EG868,27/06/2026,27/06/2026,NA,FALSE,FALSE,synthland
EG869,14/06/2026,16/06/2026,NA,TRUE,FALSE,synthland
EG870,18/05/2026,19/05/2026,NA,FALSE,TRUE,synthland
EG871,25/05/2026,26/05/2026,NA,FALSE,TRUE,synthland
EG872,30/06/2026,02/07/2026,NA,FALSE,FALSE,modelia
EG873,20/06/2026,21/06/2026,20/06/2026,TRUE,FALSE,synthland
EG874,02/06/2026,06/06/2026,NA,FALSE,FALSE,synthland
EG875,09/06/2026,11/06/2026,15/06/2026,FALSE,FALSE,synthland
EG876,06/05/2026,06/06/2026,NA,FALSE,FALSE,synthland
EG877,08/06/2026,10/06/2026,NA,FALSE,FALSE,synthland
EG878,01/06/2026,02/06/2026,NA,FALSE,FALSE,synthland
EG879,16/06/2026,21/06/2026,18/06/2026,FALSE,FALSE,synthland
EG880,09/06/2026,13/06/2026,NA,FALSE,TRUE,synthland
EG881,11/05/2026,12/05/2026,NA,FALSE,FALSE,synthland
EG882,28/06/2026,03/07/2026,29/06/2026,TRUE,FALSE,synthland
EG883,27/06/2026,28/06/2026,NA,FALSE,FALSE,synthland
EG884,21/05/2026,25/05/2026,NA,TRUE,FALSE,synthland
EG885,01/05/2026,01/05/2026,NA,TRUE,TRUE,synthland
EG886,13/06/2026,14/06/2026,NA,TRUE,FALSE,synthland
EG887,17/06/2026,21/06/2026,19/06/2026,TRUE,FALSE,synthland
EG888,14/06/2026,19/06/2026,NA,FALSE,FALSE,synthland
EG889,31/05/2026,05/06/2026,NA,TRUE,TRUE,synthland
EG890,11/06/2026,14/06/2026,NA,TRUE,TRUE,synthland
EG891,13/05/2026,15/05/2026,NA,FALSE,TRUE,synthland
EG892,04/06/2026,08/06/2026,NA,TRUE,FALSE,synthland
EG893,27/06/2026,01/07/2026,NA,TRUE,FALSE,synthland
EG894,07/06/2026,11/06/2026,NA,FALSE,TRUE,synthland
EG895,11/06/2026,16/06/2026,NA,FALSE,FALSE,synthland
EG896,17/06/2026,17/06/2026,18/06/2026,FALSE,TRUE,synthland
EG897,24/06/2026,29/06/2026,NA,TRUE,TRUE,synthland
EG898,05/06/2026,07/06/2026,NA,FALSE,TRUE,datasia
EG899,11/06/2026,16/06/2026,NA,FALSE,FALSE,synthland
EG900,22/05/2026,22/05/2026,NA,FALSE,FALSE,synthland
EG901,06/06/2026,06/06/2026,09/06/2026,FALSE,FALSE,synthland
EG902,24/05/2026,28/05/2026,NA,FALSE,FALSE,synthland
EG903,01/06/2026,06/06/2026,05/06/2026,TRUE,TRUE,synthland
EG904,16/06/2026,16/06/2026,23/06/2026,FALSE,TRUE,synthland
EG905,03/05/2026,04/05/2026,NA,FALSE,FALSE,synthland
EG906,24/06/2026,29/06/2026,NA,FALSE,FALSE,synthland
EG907,15/06/2026,17/06/2026,NA,FALSE,FALSE,synthland
EG908,28/06/2026,28/06/2026,NA,FALSE,TRUE,synthland
EG909,21/06/2026,23/06/2026,NA,FALSE,FALSE,synthland
EG910,01/05/2026,01/05/2026,NA,TRUE,FALSE,synthland
EG911,21/06/2026,25/06/2026,21/06/2026,TRUE,TRUE,synthland
EG912,18/06/2026,20/06/2026,NA,FALSE,FALSE,synthland
EG913,15/06/2026,17/06/2026,NA,FALSE,FALSE,modelia
EG914,08/05/2026,08/05/2026,NA,TRUE,TRUE,synthland
EG915,14/06/2026,19/06/2026,NA,FALSE,TRUE,synthland
EG916,08/06/2026,09/06/2026,NA,FALSE,FALSE,modelia
EG917,02/06/2026,07/06/2026,08/06/2026,FALSE,TRUE,datasia
EG918,22/06/2026,23/06/2026,NA,FALSE,FALSE,synthland
EG919,31/05/2026,04/06/2026,NA,TRUE,FALSE,synthland
EG920,21/06/2026,24/06/2026,NA,FALSE,TRUE,synthland
EG921,06/06/2026,06/06/2026,NA,FALSE,FALSE,synthland
EG922,30/06/2026,05/07/2026,NA,FALSE,FALSE,synthland
EG923,12/06/2026,14/06/2026,NA,FALSE,TRUE,synthland
EG924,17/05/2026,21/05/2026,NA,FALSE,FALSE,synthland
EG925,18/06/2026,18/06/2026,NA,TRUE,TRUE,synthland
EG926,23/06/2026,23/06/2026,NA,FALSE,FALSE,synthland
EG927,08/05/2026,11/05/2026,12/05/2026,FALSE,FALSE,synthland
EG928,01/05/2026,04/05/2026,NA,TRUE,TRUE,synthland
EG929,07/05/2026,11/05/2026,NA,FALSE,FALSE,synthland
EG930,10/06/2026,13/06/2026,NA,TRUE,FALSE,synthland
EG931,29/06/2026,02/07/2026,NA,FALSE,TRUE,synthland
EG932,28/05/2026,01/06/2026,NA,FALSE,FALSE,synthland
EG933,18/06/2026,22/06/2026,NA,FALSE,TRUE,synthland
EG934,21/05/2026,22/05/2026,NA,TRUE,TRUE,datasia
EG935,15/05/2026,20/05/2026,NA,FALSE,TRUE,synthland
EG936,21/05/2026,24/05/2026,NA,FALSE,FALSE,synthland
EG937,16/05/2026,19/05/2026,NA,FALSE,TRUE,synthland
EG938,27/06/2026,30/06/2026,NA,FALSE,TRUE,synthland
EG939,12/05/2026,16/05/2026,NA,TRUE,FALSE,synthland
EG940,11/06/2026,11/06/2026,NA,FALSE,FALSE,synthland
EG941,13/06/2026,13/06/2026,NA,TRUE,FALSE,synthland
EG942,15/05/2026,16/05/2026,18/05/2026,TRUE,FALSE,synthland
EG943,15/06/2026,16/06/2026,NA,FALSE,FALSE,novaland
EG944,08/06/2026,13/06/2026,NA,FALSE,FALSE,synthland
EG945,06/06/2026,11/06/2026,NA,FALSE,FALSE,synthland
EG946,10/06/2026,10/06/2026,NA,TRUE,FALSE,synthland
EG947,01/05/2026,05/05/2026,NA,FALSE,FALSE,synthland
EG948,18/05/2026,21/05/2026,NA,FALSE,FALSE,synthland
EG949,23/05/2026,24/05/2026,NA,FALSE,FALSE,synthland
EG950,08/05/2026,11/05/2026,NA,FALSE,FALSE,synthland
EG951,18/06/2026,20/06/2026,NA,TRUE,FALSE,synthland
EG952,07/06/2026,10/06/2026,08/06/2026,FALSE,FALSE,novaland
EG953,13/05/2026,18/05/2026,NA,FALSE,FALSE,synthland
EG954,14/05/2026,18/05/2026,NA,TRUE,FALSE,synthland
EG955,12/05/2026,14/05/2026,NA,FALSE,TRUE,synthland
EG956,02/06/2026,05/06/2026,NA,FALSE,FALSE,synthland
EG957,23/06/2026,27/06/2026,NA,TRUE,TRUE,synthland
EG958,17/06/2026,20/06/2026,21/06/2026,FALSE,FALSE,synthland
EG959,09/05/2026,10/05/2026,NA,FALSE,FALSE,synthland
EG960,17/05/2026,21/05/2026,NA,TRUE,FALSE,synthland
EG961,28/05/2026,30/05/2026,NA,FALSE,FALSE,synthland
EG962,05/05/2026,06/05/2026,NA,FALSE,FALSE,synthland
EG963,08/06/2026,12/06/2026,13/06/2026,TRUE,FALSE,synthland
EG964,05/06/2026,10/06/2026,NA,TRUE,TRUE,synthland
EG965,11/05/2026,16/05/2026,NA,TRUE,FALSE,synthland
EG966,12/05/2026,17/05/2026,19/05/2026,FALSE,FALSE,synthland
EG967,18/05/2026,18/05/2026,NA,FALSE,TRUE,datasia
EG968,27/06/2026,02/07/2026,NA,FALSE,TRUE,synthland
EG969,16/06/2026,19/06/2026,NA,FALSE,TRUE,synthland
EG970,26/05/2026,27/05/2026,NA,FALSE,FALSE,synthland
EG971,10/06/2026,11/06/2026,NA,TRUE,FALSE,synthland
EG972,17/05/2026,18/05/2026,22/05/2026,TRUE,TRUE,synthland
EG973,26/06/2026,29/06/2026,NA,FALSE,FALSE,synthland
EG974,05/06/2026,06/06/2026,NA,TRUE,FALSE,synthland
EG975,13/06/2026,16/06/2026,20/06/2026,FALSE,TRUE,synthland
EG976,30/06/2026,30/06/2026,NA,FALSE,TRUE,synthland
EG977,22/06/2026,23/06/2026,26/06/2026,TRUE,FALSE,synthland
EG978,04/06/2026,11/06/2026,NA,FALSE,TRUE,synthland
EG979,25/05/2026,25/05/2026,25/05/2026,FALSE,TRUE,synthland
EG980,11/05/2026,14/05/2026,NA,TRUE,TRUE,synthland
EG981,13/05/2026,16/05/2026,NA,TRUE,FALSE,synthland
EG982,11/06/2026,16/06/2026,NA,FALSE,FALSE,datasia
EG983,18/05/2026,21/05/2026,NA,TRUE,TRUE,synthland
EG984,11/05/2026,14/05/2026,NA,FALSE,TRUE,modelia
EG985,19/05/2026,22/05/2026,NA,FALSE,FALSE,synthland
EG986,15/06/2026,18/06/2026,19/06/2026,TRUE,FALSE,synthland
EG987,23/05/2026,28/05/2026,NA,FALSE,FALSE,synthland
EG988,27/06/2026,27/06/2026,NA,TRUE,TRUE,synthland
EG989,19/06/2026,22/06/2026,NA,FALSE,FALSE,synthland
EG990,16/05/2026,20/05/2026,NA,TRUE,FALSE,synthland
EG991,13/06/2026,18/06/2026,NA,FALSE,FALSE,synthland
EG992,10/05/2026,11/05/2026,NA,TRUE,TRUE,synthland
EG993,13/06/2026,15/06/2026,NA,FALSE,FALSE,synthland
EG994,30/06/2026,01/07/2026,NA,FALSE,FALSE,modelia
EG995,22/06/2026,25/06/2026,NA,FALSE,FALSE,datasia
EG996,15/06/2026,15/06/2026,NA,FALSE,FALSE,synthland
EG997,05/05/2026,06/05/2026,NA,TRUE,FALSE,synthland
EG998,04/05/2026,06/05/2026,NA,FALSE,FALSE,synthland
EG999,27/05/2026,28/05/2026,NA,FALSE,FALSE,synthland
